PRAGMA foreign_keys=OFF;
BEGIN TRANSACTION;
CREATE TABLE topics(id Integer PRIMARY KEY AUTOINCREMENT, user_name varchar(20), name varchar(100),describe varchar);
INSERT INTO "topics" VALUES(1,'admin','Welcome','Hello world!!');
INSERT INTO "topics" VALUES(2,'admin','Documentation','The PHP Manual is available online in a selection of languages. Please pick a language from the list below.');
INSERT INTO "topics" VALUES(3,'admin','Try it!','Enter text here...');
INSERT INTO "topics" VALUES(4,'admin','WHAT','Enter describe here...
hahaha

askdjalsdjaslkd');
CREATE TABLE posts(id Integer PRIMARY KEY AUTOINCREMENT,topic_id Integer, user_name varchar(20), title varchar(100),content varchar);
INSERT INTO "posts" VALUES(1,2,'admin','PHP Manual','by: Mehdi Achour Friedhelm Betz Antony Dovgal Nuno Lopes Hannes Magnusson Georg Richter Damien Seguy Jakub Vrana');
INSERT INTO "posts" VALUES(2,1,'admin','New post!','Enter content here...');
INSERT INTO "posts" VALUES(3,1,'admin','PHP Manual','by:
Mehdi Achour
Friedhelm Betz
Antony Dovgal
Nuno Lopes
Hannes Magnusson
Georg Richter
Damien Seguy
Jakub Vrana
And several others
2016-04-24');
INSERT INTO "posts" VALUES(4,2,'admin','Installation and Configuration','General Installation Considerations
Installation on Unix systems
Installation on Mac OS X
Installation on Windows systems
Installation on Cloud Computing platforms
FastCGI Process Manager (FPM)
Installation of PECL extensions
Problems?
Runtime Configuration');
CREATE TABLE comments(id Integer PRIMARY KEY AUTOINCREMENT,post_id Integer, user_name varchar(20), content varchar);
INSERT INTO "comments" VALUES(1,2,'admin','Enter comment here...
New comment here...
');
INSERT INTO "comments" VALUES(3,3,'admin','Good!
');
INSERT INTO "comments" VALUES(4,3,'admin','Thanks!');
INSERT INTO "comments" VALUES(5,4,'admin','GJ!');
INSERT INTO "comments" VALUES(8,1,'admin','Enter comment here...1');
INSERT INTO "comments" VALUES(10,1,'admin','Enter comment here...');
INSERT INTO "comments" VALUES(11,1,'admin','Enter comment here...');
INSERT INTO "comments" VALUES(15,2,'admin','Enter comment here...');
INSERT INTO "comments" VALUES(16,2,'wangye','Hi there');
DELETE FROM sqlite_sequence;
INSERT INTO "sqlite_sequence" VALUES('topics',5);
INSERT INTO "sqlite_sequence" VALUES('posts',8);
INSERT INTO "sqlite_sequence" VALUES('comments',16);
COMMIT;
