PRAGMA foreign_keys=OFF;
BEGIN TRANSACTION;
CREATE TABLE roles(id smallint, role varchar(20));
INSERT INTO "roles" VALUES(1,'admin');
INSERT INTO "roles" VALUES(2,'author');
INSERT INTO "roles" VALUES(3,'moderator');
INSERT INTO "roles" VALUES(4,'user');
CREATE TABLE objects(id smallint, object varchar(20));
INSERT INTO "objects" VALUES(1,'topic');
INSERT INTO "objects" VALUES(2,'post');
INSERT INTO "objects" VALUES(3,'comment');
CREATE TABLE operations(id smallint, operation varchar(20));
INSERT INTO "operations" VALUES(1,'create');
INSERT INTO "operations" VALUES(2,'read');
INSERT INTO "operations" VALUES(3,'update');
INSERT INTO "operations" VALUES(4,'delete');
CREATE TABLE role_permissions(role_id smallint,object_id smallint,operation_id smallint);
INSERT INTO "role_permissions" VALUES(1,1,1);
INSERT INTO "role_permissions" VALUES(1,1,2);
INSERT INTO "role_permissions" VALUES(1,1,3);
INSERT INTO "role_permissions" VALUES(1,1,4);
INSERT INTO "role_permissions" VALUES(1,2,1);
INSERT INTO "role_permissions" VALUES(1,2,2);
INSERT INTO "role_permissions" VALUES(1,2,3);
INSERT INTO "role_permissions" VALUES(1,2,4);
INSERT INTO "role_permissions" VALUES(1,3,1);
INSERT INTO "role_permissions" VALUES(1,3,2);
INSERT INTO "role_permissions" VALUES(1,3,3);
INSERT INTO "role_permissions" VALUES(1,3,4);
INSERT INTO "role_permissions" VALUES(2,2,1);
INSERT INTO "role_permissions" VALUES(2,2,2);
INSERT INTO "role_permissions" VALUES(2,2,3);
INSERT INTO "role_permissions" VALUES(2,2,4);
INSERT INTO "role_permissions" VALUES(3,1,1);
INSERT INTO "role_permissions" VALUES(3,1,2);
INSERT INTO "role_permissions" VALUES(3,1,3);
INSERT INTO "role_permissions" VALUES(3,1,4);
INSERT INTO "role_permissions" VALUES(4,1,2);
INSERT INTO "role_permissions" VALUES(4,2,2);
INSERT INTO "role_permissions" VALUES(4,3,2);
INSERT INTO "role_permissions" VALUES(4,3,1);
CREATE TABLE users(id INTEGER PRIMARY KEY AUTOINCREMENT,username varchar(50) , salt varchar(50), stretch INTEGER,hash varchar(50),role_id smallint);
INSERT INTO "users" VALUES(1,'evan','e8c6fdad5bbc43cda9933cebb89e1b949382eec61c06b82ae471efde9a0e03048d1bf2eb81304283',6499,'254f2dd1e90bb8c35cb10b33fdd147ec865557e61d51b92855fdd686003c0595',1);
INSERT INTO "users" VALUES(2,'admin','34dad2ff07f51085dbd67cb7de4638f1e81ccc9ed8fbc342aab706b7e8fa4dc1a364f0e47f267343',8686,'bb933d5aadb48a024a16e38adf43218ec1a7d3948d9220082dcd085fdc6c8b90',1);
INSERT INTO "users" VALUES(5,'moderator1','a8c832c22e956da1e04d236716f2a00c74f745281b3975e4764ab8ccc96657c85ce55da66c991ecb',4820,'c8b51833804da31e19f5577047ef5500187aa620d01d94ed0c24fea143815e1d',3);
INSERT INTO "users" VALUES(6,'moderator2','4bb0f8bb2d8710ad57f8fe3cbcc14ff610402be746209911b6042455d68cb438327610f9a99d6464',4300,'efa347e478e2948ce5f1c98e5dc44e60a630654a7ac3adbd0df0cb3c5e5073bb',3);
INSERT INTO "users" VALUES(9,'user1','4bb0f8bb2d8710ad57f8fe3cbcc14ff610402be746209911b6042455d68cb438327610f9a99d6464',4300,'efa347e478e2948ce5f1c98e5dc44e60a630654a7ac3adbd0df0cb3c5e5073bb',4);
INSERT INTO "users" VALUES(10,'user2','4bb0f8bb2d8710ad57f8fe3cbcc14ff610402be746209911b6042455d68cb438327610f9a99d6464',4300,'efa347e478e2948ce5f1c98e5dc44e60a630654a7ac3adbd0df0cb3c5e5073bb',4);
INSERT INTO "users" VALUES(11,'author1','82997a2533965f7f3a796e7cac5e0b5b1fa8a45a8b512aed5bb3d7a59c2f288215aeed1adf73a13f',2767,'792493255419a2c9814c2101939d9c9cab430b87f33acd39e0ad91527d047d30',2);
INSERT INTO "users" VALUES(12,'author2','a4bb41c396ca9aaba236193278c6b9484c0f06a77f5ae6ca06126f62dc138a6920723c59f6e75563',3630,'739b1bc87e7412baf47006cf70f2e3415030e73195265b8b6aaa034fa0cbe642',2);
INSERT INTO "users" VALUES(14,'wangye','c5b77c039af6465a6c70150fb0d8a7c5ef7831d79c68565f028fe555eb148b4163a903e00d4d896f',8517,'179dc240795cca9926c538b7517012c129b8f409a01f2c4e566cfc115634c7a0',4);
DELETE FROM sqlite_sequence;
INSERT INTO "sqlite_sequence" VALUES('users',14);
COMMIT;
